Código;Classificação;Descrição da conta;Saldo Anterior;Débito;Crédito;Saldo Atual
1;1;ATIVO;4.960.556,92D;830.571,04;740.697,62;5.050.430,34D
2;1.1;ATIVO CIRCULANTE;2.228.617,76D;830.571,04;740.393,14;2.318.795,66D
3;1.1.1;DISPONÍVEL;127.887,93D;480.920,65;466.038,83;142.769,75D
4;1.1.10.1;CAIXA;747,08D;0,00;0,01;747,07D
5;1.1.10.100.1;CAIXA GERAL;747,08D;0,00;0,01;747,07D
7;1.1.10.2;BANCOS CONTA MOVIMENTO;70.827,66D;480.862,17;465.868,51;85.821,32D
74521;1.1.10.200.1;BANCO BANRISUL AG 0055 C/C 0603098302;13,50D;150,00;121,50;42,00D
74523;1.1.10.200.1;BANCO DAYCOVAL;248,77D;94.230,35;86.451,49;8.027,63D
74525;1.1.10.200.1;BANCO ITAU AG: 0604 C/C: 99224-8;68.924,86D;326.381,80;318.488,03;76.818,63D
75851;1.1.10.200.1;BANCO VORTX;0,00;60.100,00;60.009,90;90,10D
74500;1.1.10.200.1;BRADESCO AG: 2276 C/C 0034541-5;797,57D;0,02;797,59;0,00
74524;1.1.10.200.1;SICREDI COOP: 0116 C/C 34548;842,96D;0,00;0,00;842,96D
56956;1.1.10.3;BANCOS CONTA DE APLICACAO LIQUIDEZ IMEDIATA;56.313,19D;58,48;170,31;56.201,36D
74527;1.1.10.300.2;APLICACAO BANRISUL;1.345,08D;4,94;151,54;1.198,48D
74526;1.1.10.300.2;APLICACAO BRADESCO;1,28D;0,00;0,02;1,26D
74528;1.1.10.300.2;APLICACAO DE INVESTIMENTOS TITULO DE CAPITALIZACAO;50.000,00D;0,00;0,00;50.000,00D
74529;1.1.10.300.2;BANRISUL VIP INVESTIMENTOS;660,18D;6,14;6,09;660,23D
74548;1.1.10.300.2;ITAU PRIVILEGE RF REF DI;4.306,65D;47,40;12,66;4.341,39D
12;1.1.2;CLIENTES;748.896,68D;306.545,43;262.311,45;793.130,66D
13;1.1.20.1;CLIENTES DIVERSOS;748.896,68D;306.545,43;262.311,45;793.130,66D
74424;1.1.20.100.1;A.R RODRIGUEZ E CIA LTDA;16.682,07D;0,00;0,00;16.682,07D
74425;1.1.20.100.1;ABBOTT DIAGNOSTICOS RAPIDOS S.A;2.467,34D;0,00;0,00;2.467,34D
74426;1.1.20.100.1;ABBOTT LABORATORIOS DO BRASIL LTDA;22.189,80D;0,00;0,00;22.189,80D
74427;1.1.20.100.1;ADICAO ERNESTO DORNELES TICKET 11972;7.099,02D;5.046,49;0,00;12.145,51D
74428;1.1.20.100.1;ANALISES CLINICAS JAGUARI LTDA;381,58D;0,00;0,00;381,58D
74429;1.1.20.100.1;ASSOCIACAO CULTURAL E CIENTIFICA VIRVI RAMOS;8.504,25D;1.672,22;1.672,22;8.504,25D
74430;1.1.20.100.1;ASSOCIACAO DR BARTHOLOMEU TACCHINI;8.427,22D;0,00;0,00;8.427,22D
74431;1.1.20.100.1;ASSOCIACAO EDUCACIONAL E CARITATIVA;4.726,21D;1.949,44;1.769,43;4.906,22D
74432;1.1.20.100.1;ASSOCIACAO HOSPITAL DE CARIDADE DE SANTO ANGELO;2.995,57D;1.348,56;0,00;4.344,13D
74433;1.1.20.100.1;ASSOCIACAO HOSPITALAR BENEFICENTE SANTO ANTONIO;6.168,77D;1.684,96;1.684,96;6.168,77D
74386;1.1.20.100.1;ASSOCIACAO HOSPITALAR BENEFICENTE SAO VICENTE DE;1.670,00D;0,00;0,00;1.670,00D
74434;1.1.20.100.1;ASSOCIACAO HOSPITALAR CARIDADE SANTA ROSA;13.183,63D;0,00;0,00;13.183,63D
63720;1.1.20.100.1;ASSOCIACAO HOSPITALAR VILA NOVA;5.278,98D;2.419,15;0,00;7.698,13D
74435;1.1.20.100.1;ASSOCIACAO HOSPITALAR VILA NOVA - FL;852,18D;897,84;0,00;1.750,02D
75442;1.1.20.100.1;ASSOCIACAO PELOTENSE DE ASSISTENCIA E CU;0,00;4.569,32;4.569,32;0,00
74549;1.1.20.100.1;ASSOCIACAO SAUDE EM MOVIMENTO - ASM;16.104,61D;0,00;0,00;16.104,61D
74436;1.1.20.100.1;BECKMAN COULTER DO BRASIL COMERCIO E IMPORTACAO;7.542,85D;1.375,81;1.375,81;7.542,85D
74437;1.1.20.100.1;BECTON DICKSON INDUSTRIAS CIRURGICAS LTDA;0,00;2.586,42;2.586,42;0,00
74438;1.1.20.100.1;BIOCLINICA LTDA;2.628,01D;5.785,35;853,53;7.559,83D
74439;1.1.20.100.1;BIOMERIEUX BRASIL INDUSTRIA E COMERCIO DE PRODUTOS;142,85D;0,00;0,00;142,85D
74440;1.1.20.100.1;BLUT´S CENTRO DE DIAGNOSTICOS E SERVICOS VETERINA;1.300,80D;0,00;0,00;1.300,80D
74589;1.1.20.100.1;BRINGEL MEDICAL DISTRIBUIDORA DE MEDICAMENTOS;20.074,39D;0,00;0,00;20.074,39D
74441;1.1.20.100.1;CAIXA DE ASSISTENCIA DOS SERVIDORES DO ESTADO DE;3.769,32D;0,00;0,00;3.769,32D
74442;1.1.20.100.1;CASA DE CARIDADE DOM ORIONE;9.863,20D;4.538,31;4.538,32;9.863,19D
74351;1.1.20.100.1;CDA CENTRO DE DIAGNOSTICOS AVANCADOS LTDA;300,00D;0,00;0,00;300,00D
75316;1.1.20.100.1;CELER BIOTECNOLOGIA S/A;0,00;6.194,10;6.194,10;0,00
74498;1.1.20.100.1;CENTRAL LAB DISTRIBUIDORA DE PRODUTOS PARA SAUDE;0,00;623,75;0,00;623,75D
74443;1.1.20.100.1;CLINICA VITAE LTDA;2.036,82D;1.402,42;1.402,42;2.036,82D
74444;1.1.20.100.1;CONFERENCIA SAO JOSE DO AVAI;5.643,54D;1.779,04;1.779,04;5.643,54D
74352;1.1.20.100.1;CQC - TECNOLOGIA EM SISTEMAS DIAGNOSTICOSLTDA;3.801,70D;1.647,79;0,00;5.449,49D
74390;1.1.20.100.1;DB APOIO INTEGRAL - GESTAO DE PARTICIPACOES E ADMI;6.480,00D;7.789,55;3.754,00;10.515,55D
74445;1.1.20.100.1;DIA SORIN X JOINVILLE;433,32D;0,00;0,00;433,32D
75600;1.1.20.100.1;DIAGNOLAB LABORATORIOS LTDA;708,00D;533,96;533,95;708,01D
74354;1.1.20.100.1;DIAGNOSTICOS DA AMERICA SA;599,99D;299,88;299,88;599,99D
74446;1.1.20.100.1;FLEURY S.A;0,00;278,29;278,29;0,00
74448;1.1.20.100.1;FUNDACAO ASSISTENCIAL E BENEFICENTE DE CAMAQUA;2.329,34D;1.183,94;0,00;3.513,28D
74449;1.1.20.100.1;FUNDACAO DE SAUDE SAPUCAIA DO SUL;27.934,04D;0,00;0,00;27.934,04D
74450;1.1.20.100.1;FUNDACAO DOUTOR AMARAL CARVALHO;13.420,41D;3.900,47;3.900,48;13.420,40D
74452;1.1.20.100.1;FUNDACAO EDUCACIONAL ALTO MEDIO SAO FRANCISCO;1.792,68D;0,00;0,00;1.792,68D
74453;1.1.20.100.1;FUNDACAO UNIVERSIDADE DE CAXIAS DO SUL;4.365,91D;1.497,06;1.497,05;4.365,92D
74454;1.1.20.100.1;FUNDACAO VALE DO TAQUARI DE EDUCACAO E DESENVOL;7.898,16D;0,00;0,00;7.898,16D
74455;1.1.20.100.1;GENETICA COMERCIO IMPORTACAO E EXPORTACAO LTDA;8.800,01D;1.690,28;1.690,28;8.800,01D
74456;1.1.20.100.1;HEALTHCARE ALLIANCE SERVICOS E CONSULTORIA EMPR;0,00;77.343,47;77.343,47;0,00
74457;1.1.20.100.1;HOSPITAL ANA NERY SANTA CRUZ DO SUL;6.536,58D;1.663,27;1.663,27;6.536,58D
74458;1.1.20.100.1;HOSPITAL DE CLINICAS DE PORTO ALEGRE;25.151,79D;0,00;0,00;25.151,79D
74459;1.1.20.100.1;HOSPITAL DE PASSO FUNDO HP;23.630,16D;3.869,21;3.869,22;23.630,15D
74460;1.1.20.100.1;HOSPITAL MILITAR DE AREA DE PORTO ALEGRE;2.083,50D;2.083,50;2.083,50;2.083,50D
75854;1.1.20.100.1;HOSPITAL SANTA CASA DE CAMPO BELO;0,00;7.390,68;0,00;7.390,68D
74461;1.1.20.100.1;HOSPITAL SAO RAFAEL LTDA;1.702,40D;0,00;0,00;1.702,40D
74987;1.1.20.100.1;INSTITUICAO ADVENTISTA ESTE BRAS DE PRE;16.757,77D;0,00;5.519,66;11.238,11D
74462;1.1.20.100.1;INSTITUTO ADMINISTRACAO HOSPITALAR E CIENCIAS DA;7.460,80D;0,00;0,00;7.460,80D
75853;1.1.20.100.1;INSTITUTO CIRURGICO GABRIEL DE LUCENA LTDA;0,00;7.038,75;7.038,75;0,00
74463;1.1.20.100.1;INSTITUTO HERMES PARDINI S.A;48.128,11D;19.761,00;40.528,12;27.360,99D
74464;1.1.20.100.1;JA LABORATORIO DE ANALISES CLINICAS LTDA;2.634,77D;321,50;321,50;2.634,77D
74465;1.1.20.100.1;LABCLIN LABORATORIO E CLINICA LTDA;1.386,36D;726,61;0,00;2.112,97D
74466;1.1.20.100.1;LABINBRAZ COMERCIAL LTDA;41.729,67D;14.586,79;13.563,66;42.752,80D
74369;1.1.20.100.1;LABORATORIO ANDRADAS LTDA;2.494,17D;0,00;0,00;2.494,17D
74370;1.1.20.100.1;LABORATORIO CENTRAL MERCOSUL LTDA;2.400,00D;0,00;0,00;2.400,00D
74467;1.1.20.100.1;LABORATORIO DE ANALISES CLINICAS UNIMED VARGINHA;12.522,59D;3.068,74;0,00;15.591,33D
74371;1.1.20.100.1;LABORATORIO FLEMING LTDA;6.098,69D;0,00;0,00;6.098,69D
74468;1.1.20.100.1;LABORATORIO IBERLEO LTDA;2.878,08D;710,18;710,18;2.878,08D
74469;1.1.20.100.1;LABORATORIO PEREIRA LTDA;4.748,83D;0,00;0,00;4.748,83D
74470;1.1.20.100.1;MUNICIPIO DE CAXIAS DO SUL;9.366,68D;4.427,66;4.427,66;9.366,68D
74472;1.1.20.100.1;MV SISTEMAS LTDA;0,00;5.995,91;5.995,91;0,00
74473;1.1.20.100.1;PASIN LABORATORIO DE ANALISES CLINICAS LTDA;191,40D;0,00;0,00;191,40D
74372;1.1.20.100.1;PIO SODALICIO DAS DAMAS DE CARIDADE DE CAXIAS DO SUL;12.254,29D;0,00;0,00;12.254,29D
74474;1.1.20.100.1;PRO ANALISE LABORATORIO DE ANALISES CLINICAS LTDA;1.255,06D;311,90;311,91;1.255,05D
74475;1.1.20.100.1;PRO SAUDE - ASSOCIACAO BENEFICENTE DE ASSISTENCIA;6.595,80D;0,00;0,00;6.595,80D
74476;1.1.20.100.1;PRONTOCLINICA DA CRIANCA LTDA;5.539,50D;682,74;4.737,05;1.485,19D
74477;1.1.20.100.1;PRONTOLAB LTDA;10.382,44D;2.628,32;2.628,32;10.382,44D
74497;1.1.20.100.1;QUIBASA QUIMICA BASICA LTDA;7.310,01D;1.227,72;0,00;8.537,73D
74478;1.1.20.100.1;REAL HOSPITAL PORTUGUES DE BENEFICENCIA EM PERN;46.962,86D;10.969,62;0,00;57.932,48D
74479;1.1.20.100.1;ROCHE DIAGNOSTICA BRASIL LTDA;21.640,51D;8.807,46;8.807,47;21.640,50D
74480;1.1.20.100.1;SANTA CASA DE BRAGANCA PAULISTA;12.442,87D;7.126,11;7.126,10;12.442,88D
74481;1.1.20.100.1;SIEMENS HEALTHCARE DIAGNOSTICOS LTDA;9.914,60D;2.145,48;4.629,04;7.431,04D
74376;1.1.20.100.1;SYSMEX DO BRASIL INDUSTRIA E COMERCIO LTDA;1.153,24D;1.371,63;1.229,44;1.295,43D
74377;1.1.20.100.1;TOXILAB LABORATORIO DE ANALISE LTDA;500,12D;0,00;0,00;500,12D
74482;1.1.20.100.1;UNIAO BRASILEIRA DE EDUCACAO E ASSISTENCIA;8.132,39D;10.391,04;5.155,59;13.367,84D
74378;1.1.20.100.1;UNIMED ALTO DA SERRA - SOCIEDADE COOPERATIVA DE S;1.375,99D;0,00;0,00;1.375,99D
74483;1.1.20.100.1;UNIMED DE BRUSQUE COOPERATIVA DE TRABALHO MEDIC;8.594,27D;0,00;0,00;8.594,27D
74484;1.1.20.100.1;UNIMED DE JATAI COOPERATIVA DE TRABALHO MEDICO;1.655,03D;820,54;0,00;2.475,57D
75443;1.1.20.100.1;UNIMED DO NORTE FLUMINENSE COOP TRABALHO;0,00;7.625,31;7.625,31;0,00
74485;1.1.20.100.1;UNIMED ERECHIM-COOPERATIVA DE SERVICOS DE SAUDE;2.945,10D;1.802,41;1.802,42;2.945,09D
74486;1.1.20.100.1;UNIMED FRONTEIRA NOROESTE/RS - COOPERATIVA DE ASS;4.526,57D;860,17;860,17;4.526,57D
74379;1.1.20.100.1;UNIMED GOIANIA COOPERATIVA DE TRABALHO MEDICO;3,78D;0,00;0,00;3,78D
74488;1.1.20.100.1;UNIMED NOROESTE/RS - SOCIEDADE COOPERATIVA DE ASS;5.667,94D;5.032,84;5.032,84;5.667,94D
74489;1.1.20.100.1;UNIMED PELOTAS/RS COOPERATIVA DE ASSISTENCIA A SA;4.095,06D;1.753,56;1.753,55;4.095,07D
74490;1.1.20.100.1;UNIMED PLANALTO/RS MEDIO COOPERATIVA DE SERV MEDIC;1.015,68D;0,00;0,00;1.015,68D
74380;1.1.20.100.1;UNIMED PORTO ALEGRE - COOPERATIVA MEDICA LTDA;32.221,25D;0,00;0,00;32.221,25D
74491;1.1.20.100.1;UNIMED REGIAO DA PRODUCAO/RS - COOPERATIVA DE A;1.919,94D;610,22;610,22;1.919,94D
74492;1.1.20.100.1;UNIMED REGIONAL SUL GOIAS COOPERATIVA DE TRABALH;4.153,15D;1.404,15;0,00;5.557,30D
74493;1.1.20.100.1;UNIMED RIO BRANCO COOPERATIVA DE TRABALHO MEDIO;3.315,03D;0,00;0,00;3.315,03D
74494;1.1.20.100.1;UNIMED RONDONOPOLIS COOPERATIVA DE TRAB MEDICO;4.156,16D;3.028,73;0,00;7.184,89D
74487;1.1.20.100.1;UNIMED SERRA GAUCHA/RS COOPERATIVA DE ASSISTENCIA;32.161,87D;8.891,20;0,00;41.053,07D
75143;1.1.20.100.1;UNIMED VALE DO ACO COOPERATIVA DE TRABALHO;0,00;5.357,62;5.357,62;0,00
74495;1.1.20.100.1;VITALAB - COMERCIO DE PRODUTOS PARA LABORATORIOS;28.524,25D;12.014,99;1.200,00;39.339,24D
74384;1.1.20.100.1;WEBMED SOLUCOES EM SAUDE EIRELI;1.403,00D;0,00;0,00;1.403,00D
74496;1.1.20.100.1;WERFEN MEDICAL LTDA;580,00D;0,00;0,00;580,00D
18;1.1.3;OUTROS CRÉDITOS - CP;1.331.889,23D;43.104,96;12.042,86;1.362.951,33D
19;1.1.30.1;OPERACOES MUTUAS;259.250,00D;0,00;0,00;259.250,00D
74360;1.1.30.100.1;OPERACOES ENTRE EMPRESAS DO MESMO GRUPO;259.250,00D;0,00;0,00;259.250,00D
24;1.1.30.6;ADIANTAMENTOS A EMPREGADOS;1.003.083,48D;22.918,00;0,00;1.026.001,48D
55039;1.1.30.600.1;ADIANTAMENTO DE FERIAS;6.233,23D;0,00;0,00;6.233,23D
26;1.1.30.602.1;ADIANTAMENTOS DE 13º SALÁRIO;0,00;22.918,00;0,00;22.918,00D
74361;1.1.30.602.1;OPERAÇÕES PARTES RELACIONADAS;996.850,25D;0,00;0,00;996.850,25D
28;1.1.30.8;TRIBUTOS A RECUPERAR / COMPENSAR;69.555,75D;20.186,96;12.042,86;77.699,85D
31;1.1.30.800.3;IRRF A RECUPERAR;41.413,65D;5.019,87;0,00;46.433,52D
34;1.1.30.800.6;TRIBUTOS PAGOS A MAIOR OU INDEVIDAMENTE;1.120,52D;0,00;27,22;1.093,30D
35;1.1.30.800.7;CONTRIBUIÇÃO SOCIAL RETIDO A COMPENSAR;26.113,24D;3.199,96;0,00;29.313,20D
36;1.1.30.800.8;COFINS RETIDO A COMPENSAR;256,20D;9.599,76;9.599,76;256,20D
37;1.1.30.800.9;PIS RETIDO A COMPENSAR;55,51D;2.079,95;2.079,95;55,51D
75332;1.1.30.801.0;FGTS A COMPENSAR;13,32D;0,00;0,00;13,32D
40;1.1.30.801.2;COFINS A RECUPERAR;47,11D;0,00;47,11;0,00
41;1.1.30.801.3;PIS A RECUPERAR;15,60D;0,00;15,60;0,00
476;1.1.30.801.6;ISSQN A RECUPERAR;437,43D;273,22;273,22;437,43D
55030;1.1.30.801.7;IR FONTE - REND APLIC FINANCEIRAS;83,17D;14,20;0,00;97,37D
65;1.1.6;CUSTOS / DESPESAS ANTECIPADAS;19.943,92D;0,00;0,00;19.943,92D
66;1.1.60.1;CUSTOS / DESPESAS ANTECIPADAS;19.943,92D;0,00;0,00;19.943,92D
74364;1.1.60.100.1;SEGUROS A APROPRIAR PROPOSTA 4317951;19.943,92D;0,00;0,00;19.943,92D
501;1.2;ATIVO NÃO-CIRCULANTE;2.731.939,16D;0,00;304,48;2.731.634,68D
88;1.2.3;INVESTIMENTOS;9.193,90D;0,00;0,00;9.193,90D
101;1.2.30.6;OUTROS INVESTIMENTOS;9.193,90D;0,00;0,00;9.193,90D
74552;1.2.30.600.7;CONSORCIO BRADESCO 700569377 GRUPO:943 COTA 223 PLANO 192;4.233,60D;0,00;0,00;4.233,60D
74551;1.2.30.600.7;CONSORCIO BRADESCO 701018642 GRUPO: 10178 COTA: 039 NÃO CONTEMPLADO;2.480,15D;0,00;0,00;2.480,15D
74550;1.2.30.600.7;CONSORCIO BRADESCO 701018645 GRUPO: 10178 COTA: 040 NÃO CONTEMPLADO;2.480,15D;0,00;0,00;2.480,15D
111;1.2.4;IMOBILIZADO;42.136,01D;0,00;304,48;41.831,53D
116;1.2.40.2;MÓVEIS E UTENSÍLIOS;14.283,53D;0,00;0,00;14.283,53D
74557;1.2.40.200.1;DIREITO USO LINHA APARELHO TELEFONICO;1.203,39D;0,00;0,00;1.203,39D
117;1.2.40.200.1;MOVEIS E UTENSILIOS - MATRIZ;13.080,14D;0,00;0,00;13.080,14D
118;1.2.40.3;MÁQUINAS, EQUIPAMENTOS E FERRAMENTAS;40.274,10D;0,00;0,00;40.274,10D
74558;1.2.40.300.1;COMPUTADORES E PERIFERICOS;13.418,18D;0,00;0,00;13.418,18D
55075;1.2.40.300.1;INSTALACOES;1.476,53D;0,00;0,00;1.476,53D
119;1.2.40.300.1;MAQUINAS E EQUIPAMENTOS - MATRIZ;25.379,39D;0,00;0,00;25.379,39D
124;1.2.40.6;IMOBILIZADO EM ANDAMENTO;11.896,14D;0,00;0,00;11.896,14D
74554;1.2.40.600.1;ADIANTAMENTO DE CONSORCIO (CONTRATO 70150611 GRUPO: 10423 COTA: 534 PLANO;2.037,45D;0,00;0,00;2.037,45D
74553;1.2.40.600.1;ADIANTAMENTO DE CONSORCIO (CONTRATO 701570611 GRUPO: 10423 COTA: 527 PLANO;1.370,10D;0,00;0,00;1.370,10D
74555;1.2.40.600.1;ADIANTAMENTO DE CONSORCIO (CONTRATO 701570979 GRUPO: 10423 PLANO: 89;499,70D;0,00;0,00;499,70D
74556;1.2.40.600.1;AQUISICAO DE BENS ATRAVES DE CONSORCIO BRADESCO CONTRATO (703554653);7.988,89D;0,00;0,00;7.988,89D
125;1.2.40.7;(-) DEPRECIAÇÕES, AMORT. E EXAUS. ACUMUL;24.317,76C;0,00;304,48;24.622,24C
75611;1.2.40.700.1;(-) DEPRECIACOES DE COMPUTADORES E PERIFERICOS;1.063,35C;0,00;223,63;1.286,98C
55214;1.2.40.700.1;(-) DEPRECIACOES DE INSTALACOES;617,27C;0,00;7,81;625,08C
127;1.2.40.700.1;(-) DEPRECIACOES DE MOVEIS E UTENSILIOS;5.289,43C;0,00;0,00;5.289,43C
128;1.2.40.700.3;(-) DEPRECIACOES DE MAQUINAS, EQUIP. FER;17.347,71C;0,00;73,04;17.420,75C
502;1.2.5;INTANGÍVEL;2.680.609,25D;0,00;0,00;2.680.609,25D
123;1.2.50.1;MARCAS, DIREITOS E PATENTES;2.680.609,25D;0,00;0,00;2.680.609,25D
74559;1.2.50.100.2;DESENVOLVIMENTO DE PROJETOS, PRODUTOS E TECNOLOGIA;2.582.422,97D;0,00;0,00;2.582.422,97D
74560;1.2.50.100.2;PROJETO INOVACRED BRDE/FINEP;98.186,28D;0,00;0,00;98.186,28D
149;2;PASSIVO;5.007.461,37C;328.778,30;445.111,46;5.123.794,53C
150;2.1;PASSIVO CIRCULANTE;3.396.853,81C;310.778,30;368.731,46;3.454.806,97C
382;2.1.1;EMPRÉSTIMOS E FINANCIAMENTOS - CP;1.720.288,36C;0,00;0,00;1.720.288,36C
151;2.1.10.1;EMPRÉSTIMOS - CP;1.720.288,36C;0,00;0,00;1.720.288,36C
74508;2.1.10.100.4;(-) JUROS A TRANSCORRER;92.765,24D;0,00;0,00;92.765,24D
74561;2.1.10.100.4;EMPRESTIMO BANCO RNX CONTRATO 222030;2.849,87C;0,00;0,00;2.849,87C
74562;2.1.10.100.4;EMPRESTIMO BANRISUL CONTRATO 21014580;21.126,36C;0,00;0,00;21.126,36C
74563;2.1.10.100.4;EMPRESTIMO BRADESCO CONTRATO 15.923.783;303.129,40C;0,00;0,00;303.129,40C
74564;2.1.10.100.4;EMPRESTIMO BRADESCO BNDES CONTRATO 6081863;87.499,88C;0,00;0,00;87.499,88C
74565;2.1.10.100.4;EMPRESTIMO BRDE/BNDES RS-71546;125.000,01C;0,00;0,00;125.000,01C
74568;2.1.10.100.4;EMPRESTIMO CONTRATO 267664;47.647,84C;0,00;0,00;47.647,84C
74566;2.1.10.100.4;EMPRESTIMO PRJETO BRDE;11.883,92C;0,00;0,00;11.883,92C
74506;2.1.10.100.4;OPERAÇOES DE MUTUO;1.207.916,32C;0,00;0,00;1.207.916,32C
74567;2.1.10.100.4;PREMIO DE SEGUROS A PAGAR;6.000,00C;0,00;0,00;6.000,00C
164;2.1.30;FORNECEDORES;120.363,27C;167.434,75;189.842,18;142.770,70C
165;2.1.30.1;FORNECEDORES DIVERSOS - CP;120.363,27C;167.434,75;189.842,18;142.770,70C
73052;2.1.30.100.10;ADD - AGENCIA DIGITAL LTDA;0,00;0,00;200,00;200,00C
75154;2.1.30.100.10;AFENGE ENGENHARIA E SISTEMAS DE SEGURANCA;4.079,26C;453,20;0,00;3.626,06C
74733;2.1.30.100.10;AOVS SISTEMAS DE INFORMATICA S.A.;0,00;410,00;410,00;0,00
75322;2.1.30.100.10;ARCKIVARE ADMIN E SISTEMAS DE ARQUIVO LTDA;0,00;350,00;350,00;0,00
74688;2.1.30.100.10;ARETECH SISTEMAS LTDA;50.000,00C;30.427,00;30.427,00;50.000,00C
69320;2.1.30.100.10;BLUE PAPEIS DISTRIBUICAO BRASIL LTDA;727,36C;293,58;587,16;1.020,94C
74713;2.1.30.100.10;BONOTTO COSTA - COMERCIO DE ALIMENTOS LTDA;0,00;187,00;187,00;0,00
75141;2.1.30.100.10;CASA LAR SHOP LTDA;1.532,39C;306,55;0,00;1.225,84C
74690;2.1.30.100.10;CATALISE SOLUCOES EMPRESARIAIS LTDA;0,00;4.880,90;4.880,90;0,00
74547;2.1.30.100.10;COMERCIAL PRONTO BRINDES LTDA;1.982,50C;0,00;0,00;1.982,50C
75314;2.1.30.100.10;CONEXO INOVACOES EM SAUDE LTDA;0,00;7.537,51;7.537,51;0,00
74542;2.1.30.100.10;D4S SERVICOS EM TECNOLOGIA LTDA;0,00;40,69;40,69;0,00
74537;2.1.30.100.10;DKC FABRICA DE SOFTWARE LTDA;0,00;15.500,00;15.500,00;0,00
74534;2.1.30.100.10;DOCTORPLUS GESTAO E TREINAMENTO EMPRESARIAL LTDA;735,37C;35.805,73;35.307,84;237,48C
74544;2.1.30.100.10;DPOFFICER BRAZIL PRESTACAO DE SERVICOS DE CONSULTORIA EM GESTAO;450,00C;450,00;450,00;450,00C
74649;2.1.30.100.10;HEALTHCARE ALLIANCE SERVICOS DE CONSULTORIA EMPRESARIAL LTDA;4.381,54C;3.245,68;2.532,29;3.668,15C
75482;2.1.30.100.10;IMPRESUL SERVICO GRAFICO E EDITORA;0,00;170,00;170,00;0,00
74535;2.1.30.100.10;JAD-MS SISTEMAS LTDA;0,00;9.500,00;19.963,40;10.463,40C
74689;2.1.30.100.10;JEANINE OLIVA BARNASQUE;0,00;2.400,25;2.400,25;0,00
74829;2.1.30.100.10;JME SERVICOS DE INFORMATICA;0,00;0,00;514,43;514,43C
75296;2.1.30.100.10;KABUM S.A.;365,85C;61,05;0,00;304,80C
74985;2.1.30.100.10;KALUNGA SA;5.038,40C;1.259,60;0,00;3.778,80C
74531;2.1.30.100.10;LEFORTED SISTEMAS LTDA;38.687,00C;12.437,00;30.437,00;56.687,00C
74725;2.1.30.100.10;LUCAS BATISTA VIDAL;12,00C;58,00;58,00;12,00C
75607;2.1.30.100.10;MAGAZINE SAO PAULO COMERCIO DE ELETRONICOS LTDA;343,18C;274,06;0,00;69,12C
74543;2.1.30.100.10;METTA INTEGRADORA EMPRESA ESCOLA SOCIEDADE SIMPLES LTDA;0,00;123,98;123,98;0,00
75142;2.1.30.100.10;MIRANDA COMPUTACAO E COMERCIO LTDA;566,36C;113,32;0,00;453,04C
74539;2.1.30.100.10;MOVIDESK LTDA;0,00;2.789,69;2.789,69;0,00
74708;2.1.30.100.10;OMIEXPERIENCE LTDA.;1.457,92C;1.457,92;0,00;0,00
55825;2.1.30.100.10;PELVALE COMERCIO DE PAPEIS LTDA;366,47C;1.362,33;1.493,80;497,94C
75608;2.1.30.100.10;PH SERVICOS DE ADMINISTRACAO E TECNOLOGIA HOTELEIRA LTDA;1.938,08C;646,06;0,00;1.292,02C
75025;2.1.30.100.10;RAFAEL ESTEFAN CRISTOIU 03437733095;0,00;7.500,00;7.500,00;0,00
74724;2.1.30.100.10;RAFAEL TRINDADE GIL;0,00;84,81;84,81;0,00
74546;2.1.30.100.10;RASTEK SOLUCOES EM TI LTDA;630,00C;674,23;674,23;630,00C
75323;2.1.30.100.10;RM BARREIRO COMERCIO E ASSISTENCIA TECNICA LTDA;940,99C;679,01;0,00;261,98C
71991;2.1.30.100.10;RM MONTAGNER- ORGANIZACAO CAPITAL CONTABIL LTDA;0,00;5.138,06;5.138,06;0,00
75714;2.1.30.100.10;SERVICO DE APOIO AS MICRO E PEQUENAS EMPRESAS DO RS - SEBRAE;5.751,00C;639,00;0,00;5.112,00C
71933;2.1.30.100.10;SULMED ASSISTENCIA MEDICA LTDA;0,00;5.054,85;5.054,85;0,00
74706;2.1.30.100.10;SWILE DO BRASIL S.A.;0,00;14.780,29;14.780,29;0,00
73372;2.1.30.100.10;TRI HOTEL CAXIAS LTDA;377,60C;94,40;0,00;283,20C
74691;2.1.30.100.10;UNIFIQUE TELECOMUNICACOES SA;0,00;249,00;249,00;0,00
169;2.1.4;OBRIGAÇÕES TRIBUTÁRIAS - CP;1.122.951,13C;17.999,18;24.307,36;1.129.259,31C
170;2.1.40.1;IMPOSTOS E CONTRIBUIÇÕES A RECOLHER - CP;835.702,55C;17.999,18;24.307,36;842.010,73C
173;2.1.40.100.3;ISSQN A RECOLHER;11.160,97C;273,22;6.520,43;17.408,18C
479;2.1.40.101.5;SIMPLES NACIONAL A RECOLHER;815.553,60C;0,00;0,00;815.553,60C
55228;2.1.40.103.1;IRRF A RECOLHER - 8045;51,74C;45,81;30,00;35,93C
55226;2.1.40.104.1;IRRF A RECOLHER - 0561;7.944,09C;5.403,02;5.454,98;7.996,05C
55227;2.1.40.105.1;IRRF A RECOLHER - 3208;778,50C;383,77;383,77;778,50C
55225;2.1.40.106.1;IMPOSTOS FED RETIDOS A RECOLHER - 5952;18,40C;18,40;18,40;18,40C
179;2.1.40.107.1;PIS A RECOLHER - 8109;34,76C;2.114,71;2.119,14;39,19C
180;2.1.40.108.1;COFINS A RECOLHER - 2172;160,49C;9.760,25;9.780,64;180,88C
74572;2.1.40.2;PARCELAMENTOS;287.248,58C;0,00;0,00;287.248,58C
74576;2.1.40.200.1;(-) JUROS PARCELAMENTO SIMPLES NACIONAL 02;37.297,53D;0,00;0,00;37.297,53D
74574;2.1.40.200.1;JUROS PARCELAMENTO SIMPLES NACIONAL PGFN 008104062;4.838,14D;0,00;0,00;4.838,14D
74575;2.1.40.200.1;PARCELAMENTO SIMPLES NACIONAL 02;180.525,71C;0,00;0,00;180.525,71C
74573;2.1.40.200.1;PARCELAMENTO SIMPLES NACIONAL PGFN 008104062;148.858,54C;0,00;0,00;148.858,54C
185;2.1.5;OBRIGAÇÕES TRABALHISTA E PREVIDENCIÁRIA - CP;407.855,92C;111.409,42;140.646,97;437.093,47C
186;2.1.50.1;OBRIGAÇÕES C/ PESSOAL - CP;115.532,15C;95.111,59;96.565,59;116.986,15C
74530;2.1.50.100.1;ESTAGIARIOS A PAGAR;1.200,00C;1.200,00;1.200,00;1.200,00C
187;2.1.50.100.1;SALARIOS E ORDENADOS A PAGAR;42.852,00C;52.833,37;54.287,37;44.306,00C
188;2.1.50.100.2;PRO-LABORE A PAGAR;13.682,00C;18.160,22;18.160,22;13.682,00C
55229;2.1.50.100.4;13 SALARIOS A PAGAR;28.930,49C;22.918,00;22.918,00;28.930,49C
57237;2.1.50.100.6;FÉRIAS A PAGAR;28.867,66C;0,00;0,00;28.867,66C
190;2.1.50.2;OBRIGAÇÕES SOCIAIS - CP;186.027,77C;12.382,41;32.805,68;206.451,04C
192;2.1.50.200.1;FGTS A RECOLHER;4.675,87C;4.675,87;6.175,45;6.175,45C
191;2.1.50.200.1;INSS A RECOLHER;181.351,90C;7.706,54;26.630,23;200.275,59C
193;2.1.50.3;PROVISOES TRABALHISTAS - CP;106.296,00C;3.915,42;11.275,70;113.656,28C
194;2.1.50.300.1;PROVISÕES P/ FÉRIAS A PAGAR;64.408,37C;0,00;4.107,21;68.515,58C
195;2.1.50.300.2;PROVISÕES P/ 13º SALÁRIO A PAGAR;37.972,21C;0,00;3.481,66;41.453,87C
196;2.1.50.300.3;INSS S/ PROVISÕES PARA FÉRIAS;1.707,69C;1.707,69;1.570,91;1.570,91C
197;2.1.50.300.4;INSS S/ PROVISÕES PARA 13º SALÁRIO;1.367,81C;1.367,81;1.325,05;1.325,05C
198;2.1.50.300.5;FGTS S/ PROVISÕES PARA FÉRIAS;466,38C;466,38;428,99;428,99C
199;2.1.50.300.6;FGTS S/ PROVISÕES PARA 13º SALÁRIO;373,54C;373,54;361,88;361,88C
200;2.1.6;OUTRAS OBRIGAÇÕES - CP;25.395,13C;13.934,95;13.934,95;25.395,13C
201;2.1.60.1;ADIANTAMENTOS A CLIENTES;1.134,98C;0,00;0,00;1.134,98C
57243;2.1.60.100.1;ADIANTAMENTO DE CLIENTES;1.134,98C;0,00;0,00;1.134,98C
202;2.1.60.2;CONTAS A PAGAR - CP;24.260,15C;4.316,23;4.316,23;24.260,15C
55231;2.1.60.200.2;ALUGUEIS A PAGAR;4.316,23C;4.316,23;4.316,23;4.316,23C
74577;2.1.60.200.4;SEGUROS PROPOSTA ( 437951;19.943,92C;0,00;0,00;19.943,92C
206;2.1.60.6;OUTRAS OBRIGAÇÕES - CP;0,00;9.618,72;9.618,72;0,00
74533;2.1.60.600.1;RESSARCIMENTOS DIVERSOS;0,00;9.618,72;9.618,72;0,00
503;2.2;PASSIVO NÃO-CIRCULANTE;2.379.396,04C;18.000,00;76.380,00;2.437.776,04C
217;2.2.1;PASSIVO EXIGÍVEL A LONGO PRAZO;2.379.396,04C;18.000,00;76.380,00;2.437.776,04C
219;2.2.10.1;EMPRÉSTIMOS - LP;1.641.632,11C;10.000,00;60.000,00;1.691.632,11C
74514;2.2.10.100.1;(-) JUROS A TRANSCORRER - LP;242.500,11D;0,00;0,00;242.500,11D
75852;2.2.10.100.1;EMPRESTIMO BANCO VORTX;0,00;0,00;60.000,00;60.000,00C
74579;2.2.10.100.1;EMPRESTIMO BRADESCO 4;450.388,26C;0,00;0,00;450.388,26C
74578;2.2.10.100.1;EMPRESTIMO BRDE BNDES;374.999,99C;0,00;0,00;374.999,99C
74582;2.2.10.100.1;EMPRESTIMO CONTRATO 267664 BANCO RNX;117.776,81C;0,00;0,00;117.776,81C
74583;2.2.10.100.1;EMPRESTIMO MADRID PARTICIPACOES SA (INVESTIDOR);540.000,00C;10.000,00;0,00;530.000,00C
74581;2.2.10.100.1;RECEBIDO EMPRESTIMO DE SOCIO;400.967,16C;0,00;0,00;400.967,16C
223;2.2.10.4;PARCELAMENTOS;324.656,93C;0,00;0,00;324.656,93C
74586;2.2.10.400.1;(-) JUROS A TRANSCORRER PARCELAMENTO SIMPLES NACIONAL;88.938,75D;0,00;0,00;88.938,75D
74584;2.2.10.400.1;(-) JUROS PARCELAMENTO SIMPLES NACIONAL PGFN 008104062;10.047,78D;0,00;0,00;10.047,78D
74585;2.2.10.400.1;PARCELAMENTO SIMPLES NACIONAL 02;423.643,46C;0,00;0,00;423.643,46C
226;2.2.10.6;OUTROS DÉBITOS - LP;413.107,00C;8.000,00;16.380,00;421.487,00C
74716;2.2.10.600.1;ALETHEIA - C0NTA CORRENTE;413.107,00C;8.000,00;16.380,00;421.487,00C
242;2.3;PATRIMÔNIO LÍQUIDO;768.788,48D;0,00;0,00;768.788,48D
243;2.3.1;CAPITAL SOCIAL;90.000,00C;0,00;0,00;90.000,00C
244;2.3.10.1;CAPITAL SUBSCRITO;90.000,00C;0,00;0,00;90.000,00C
74588;2.3.10.100.1;LAURA FERNANDA MOYSES RIEGER;900,00C;0,00;0,00;900,00C
74587;2.3.10.100.1;VLADIMIR FABIAN RIEGER;89.100,00C;0,00;0,00;89.100,00C
264;2.3.5;LUCROS OU PREJUÍZOS ACUMULADOS;858.788,48D;0,00;0,00;858.788,48D
265;2.3.50.1;LUCROS OU PREJUÍZOS ACUMULADOS;858.788,48D;0,00;0,00;858.788,48D
267;2.3.50.100.2;(-) PREJUÍZOS ACUMULADOS;883.788,48D;0,00;0,00;883.788,48D
74737;2.3.50.100.7;AJUSTES DE EXERC.ANTERIORES;25.000,00C;0,00;0,00;25.000,00C
269;3;CONTAS DE RESULTADOS - CUSTOS E DESPESAS;342.183,23D;346.452,62;11.943,01;676.692,84D
500;3.1;CUSTOS;200.473,19D;218.998,36;3.791,46;415.680,09D
465;3.1.6;CUSTOS DOS SERVIÇOS PRESTADOS;200.473,19D;218.998,36;3.791,46;415.680,09D
466;3.1.60.1;CUSTOS DOS SERVIÇOS PRESTADOS;142.471,96D;152.618,12;0,00;295.090,08D
467;3.1.60.100.1;CUSTOS COM SERVICOS PRESTADOS;142.471,96D;152.618,12;0,00;295.090,08D
74632;3.1.60.3;DESPESAS C/ PESSOAL - TECNOLOGIA -TI;58.001,23D;66.380,24;3.791,46;120.590,01D
74833;3.1.60.300.1;13 SALARIO - TI;3.880,07D;2.891,00;3,82;6.767,25D
74645;3.1.60.300.1;ALIMENTACAO - TI;667,60C;0,00;99,00;766,60C
74643;3.1.60.300.1;ASSISTENCIA MEDICA E SOCIAL - TI;258,44C;0,00;202,62;461,06C
74639;3.1.60.300.1;ESTAGIARIO - TI;1.200,00D;1.200,00;0,00;2.400,00D
74647;3.1.60.300.1;FERIAS - TI;166,24D;3.690,30;0,00;3.856,54D
74674;3.1.60.300.1;FGTS - TI;3.505,49D;5.102,13;651,80;7.955,82D
74637;3.1.60.300.1;HORAS EXTRAS - TI;674,69D;892,60;2.386,74;819,45C
74673;3.1.60.300.1;INSS - TI;12.882,24D;13.800,53;0,00;26.682,77D
74635;3.1.60.300.1;QUINQUENIO - TI;678,93D;792,71;0,00;1.471,64D
74633;3.1.60.300.1;SALARIOS E ORDENADOS - TI;36.647,61D;38.010,97;3,48;74.655,10D
74641;3.1.60.300.1;VALE TRANSPORTE - TI;708,00C;0,00;444,00;1.152,00C
295;3.2;DESPESAS OPERACIONAIS;141.710,04D;127.454,26;8.151,55;261.012,75D
329;3.2.2;DESPESAS ADMINISTRATIVAS;141.710,04D;127.454,26;8.151,55;261.012,75D
330;3.2.20.1;DESPESAS C/ PESSOAL - ADMINISTRACAO;73.931,86D;75.397,09;8.151,55;141.177,40D
331;3.2.20.100.1;SALARIOS E ORDENADOS - ADM;13.891,50D;13.938,06;1,34;27.828,22D
332;3.2.20.101.1;PRO-LABORE - ADM;18.159,64D;18.160,22;0,58;36.319,28D
334;3.2.20.102.1;13º SALARIO - ADM;1.830,98D;590,66;0,00;2.421,64D
74677;3.2.20.103.1;COMISSOES - ADM;293,07D;349,43;0,00;642,50D
335;3.2.20.103.1;FERIAS - ADM;8.574,59D;416,91;0,00;8.991,50D
336;3.2.20.104.1;INSS - ADM;7.954,69D;8.627,64;688,76;15.893,57D
337;3.2.20.105.1;FGTS - ADM;1.180,56D;1.864,19;188,12;2.856,63D
55163;3.2.20.106.1;ADICIONAL DE INSALUBRIDADE - ADM;303,60D;303,60;0,00;607,20D
339;3.2.20.111.1;ASSISTENCIA MEDICA E SOCIAL - ADM;12.301,17D;18.511,70;6.644,65;24.168,22D
492;3.2.20.112.1;VALE TRANSPORTE - ADM;284,32C;305,00;584,10;563,42C
521;3.2.20.113.1;ALIMENTACAO - ADM;9.602,40D;12.205,70;44,00;21.764,10D
56979;3.2.20.116.1;ESTAGIARIOS - ADM;123,98D;123,98;0,00;247,96D
340;3.2.20.2;ALUGUÉIS E ARRENDAMENTOS - ADM;4.700,00D;4.700,00;0,00;9.400,00D
341;3.2.20.200.1;ALUGUEIS/CONDOMINIOS DE IMOVEIS - ADM;4.700,00D;4.700,00;0,00;9.400,00D
345;3.2.20.3;IMPOSTOS, TAXAS E CONTRIBUIÇÕES;2.264,23D;2.270,32;0,00;4.534,55D
74363;3.2.20.300.1;IOF;0,00;6,09;0,00;6,09D
348;3.2.20.300.3;IPTU;889,23D;889,23;0,00;1.778,46D
75458;3.2.20.300.8;DESPESAS C/ ASSOCIACOES;1.375,00D;1.375,00;0,00;2.750,00D
353;3.2.20.4;DESPESAS GERAIS ADMINISTRATIVAS;56.815,93D;42.717,03;0,00;99.532,96D
57544;3.2.20.400.1;ASSESSORIA ADVOCATICIA;4.880,90D;4.880,90;0,00;9.761,80D
361;3.2.20.400.1;ASSISTENCIA CONTABIL - ADM;3.638,06D;5.138,06;0,00;8.776,12D
72053;3.2.20.400.1;CERTIFICADO DIGITAL;180,00D;0,00;0,00;180,00D
57575;3.2.20.400.1;COMBUSTIVEL P/ VEICULOS - ADM;1.542,10D;1.194,60;0,00;2.736,70D
74545;3.2.20.400.1;CONDOMINIO;4.150,35D;4.499,42;0,00;8.649,77D
72363;3.2.20.400.1;CONFRATERNIZAÇÕES;300,35D;229,95;0,00;530,30D
56982;3.2.20.400.1;COPA E COZINHA / LIMPEZA - ADM;1.335,01D;2.347,94;0,00;3.682,95D
357;3.2.20.400.1;CORREIOS E INTERNET - ADM;99,76D;0,00;0,00;99,76D
363;3.2.20.400.1;DEPRECIACOES E AMORTIZACOES - ADM;304,48D;304,48;0,00;608,96D
56981;3.2.20.400.1;DESPESAS C/VEICULOS - ADM;139,80D;139,80;0,00;279,60D
74604;3.2.20.400.1;DESPESAS COM DESLOCAMENTO;1.317,47D;426,07;0,00;1.743,54D
74602;3.2.20.400.1;DESPESAS COM HOME OFFICE;1.183,31D;1.379,99;0,00;2.563,30D
74595;3.2.20.400.1;DESPESAS COM PROVEDOR;3.979,30D;3.876,92;0,00;7.856,22D
74540;3.2.20.400.1;DESPESAS COM REPRESENTAÇAO;5.800,00D;5.800,00;0,00;11.600,00D
74538;3.2.20.400.1;DESPESAS COM SISTEMA DE SOFTWARE;7.003,24D;5.545,32;0,00;12.548,56D
74594;3.2.20.400.1;DESPESAS COM VIAGENS;446,40D;0,00;0,00;446,40D
354;3.2.20.400.1;ENERGIA ELETRICA;1.049,70D;1.264,89;0,00;2.314,59D
74532;3.2.20.400.1;ESTACIONAMENTO;870,00D;870,00;0,00;1.740,00D
74596;3.2.20.400.1;FEIRAS E EVENTOS;12.146,76D;699,29;0,00;12.846,05D
74536;3.2.20.400.1;IMPRESSOS E FOTOCOPIAS;0,00;228,00;0,00;228,00D
56970;3.2.20.400.1;INFORMATICA - ADM;39,89D;39,89;0,00;79,78D
56983;3.2.20.400.1;LANCHES E REFEICOES - ADM;58,00D;0,00;0,00;58,00D
75321;3.2.20.400.1;LOCACAO DE ARQUIVOS - ESPAÇO;350,00D;350,00;0,00;700,00D
359;3.2.20.400.1;MATERIAL DE ESCRITORIO - ADM;0,00;134,82;0,00;134,82D
72703;3.2.20.400.1;MOTOBOY - ADM;144,49D;84,81;0,00;229,30D
74519;3.2.20.400.1;PROPAGANDA E PUBLICIDADE;1.600,00D;0,00;0,00;1.600,00D
358;3.2.20.400.1;SEGUROS - ADM;105,91D;0,00;0,00;105,91D
356;3.2.20.400.1;TELEFONES - ADM;4.150,65D;3.281,88;0,00;7.432,53D
367;3.2.20.5;DESPESAS FINANCEIRAS;3.998,02D;2.369,82;0,00;6.367,84D
372;3.2.20.500.5;JUROS / IOF PAGOS;1.672,01D;1.574,47;0,00;3.246,48D
56985;3.2.20.500.9;DESPESAS BANCARIAS;2.326,01D;795,35;0,00;3.121,36D
402;4;CONTAS DE RESULTADO - RECEITAS;295.278,78C;18.420,21;326.470,08;603.328,65C
403;4.1;RECEITAS OPERACIONAIS;295.278,78C;18.420,21;326.470,08;603.328,65C
404;4.1.1;RECEITA BRUTA DE VENDAS E SERVIÇOS;310.444,74C;0,00;326.021,42;636.466,16C
410;4.1.10.2;RECEITA DE PRESTAÇÃO DE SERVIÇOS;310.444,74C;0,00;326.021,42;636.466,16C
411;4.1.10.200.1;SERVIÇOS PRESTADOS;310.444,74C;0,00;326.021,42;636.466,16C
413;4.1.2;(-) DEDUÇÕES DA RECEITA BRUTA;17.540,12D;18.420,21;0,00;35.960,33D
424;4.1.20.3;(-) IMPOSTOS SOBRE VENDAS E SERVIÇOS;17.540,12D;18.420,21;0,00;35.960,33D
428;4.1.20.300.1;(-) COFINS S/ FATURAMENTO;9.313,34D;9.780,64;0,00;19.093,98D
427;4.1.20.300.1;(-) ISSQN S/ SERVICOS;6.208,89D;6.520,43;0,00;12.729,32D
429;4.1.20.300.1;(-) PIS S/ FATURAMENTO;2.017,89D;2.119,14;0,00;4.137,03D
430;4.1.3;RECEITAS FINANCEIRAS;2.374,16C;0,00;448,66;2.822,82C
431;4.1.30.1;JUROS E DESCONTOS RECEBIDOS;2.373,91C;0,00;444,45;2.818,36C
433;4.1.30.100.1;JUROS RECEBIDOS;272,48C;0,00;384,86;657,34C
432;4.1.30.100.1;RENDIMENTOS DE APLICACOES FINANCEIRAS;2.101,43C;0,00;59,59;2.161,02C
436;4.1.30.2;VARIAÇÕES MONETÁRIAS;0,25C;0,00;4,21;4,46C
437;4.1.30.200.1;VARIAÇÕES MONETÁRIAS ATIVAS;0,25C;0,00;4,21;4,46C
;;**RESUMO DO BALANCETE**;;;;
;;ATIVO;4.960.556,92D;830.571,04;740.697,62;5.050.430,34D
;;PASSIVO;5.007.461,37C;328.778,30;445.111,46;5.123.794,53C
;;PATRIMÔNIO LÍQUIDO;768.788,48D;0,00;0,00;768.788,48D
;;CONTAS DE RESULTADOS - CUSTOS E DESPESAS;342.183,23D;346.452,62;11.943,01;676.692,84D
;;CONTAS DE RESULTADO - RECEITAS;295.278,78C;18.420,21;326.470,08;603.328,65C
;;CONTAS DE APURAÇÃO;0,00;0,00;0,00;0,00
;;CONTAS DEVEDORAS;5.302.740,15D;1.177.023,66;752.640,63;5.727.123,18D
;;CONTAS CREDORAS;4.533.951,67C;347.198,51;771.581,54;4.958.334,70C
;;RESULTADO DO MES;0,00;334.509,61;308.049,87;26.459,74D
;;RESULTADO DO EXERCÍCIO;46.904,45D;676.692,84;603.328,65;73.364,19D
